<web-app xmlns="http://java.sun.com/xml/ns/j2ee" version="2.4"
         xmlns:xsi="http://www.w3.org/2001/XMLSchema-instance"
         xsi:schemaLocation="http:/java.sun.com/dtd/web-app_2_3.dtd">

	<display-name>Tux</display-name>
	<welcome-file-list>
	<welcome-file>index.html</welcome-file>

	</welcome-file-list>



  <servlet>
    <servlet-name>LookupServlet</servlet-name>
    <servlet-class>deception.LookupServlet</servlet-class>
  </servlet>
  <servlet-mapping>
    <servlet-name>LookupServlet</servlet-name>
    <url-pattern>/LookupServlet</url-pattern>
  </servlet-mapping>
</web-app>
